{"count":1,"self":186.3518848,"total":188.01937709999999,"children":{"InitializeActuators":{"count":12,"self":0.0010008999999999999,"total":0.0010008999999999999,"children":null},"InitializeSensors":{"count":12,"self":0.0030023999999999997,"total":0.0050044999999999994,"children":{"CreateObservableSensors":{"count":12,"self":0.0020020999999999997,"total":0.0020020999999999997,"children":null}}},"AgentSendState":{"count":1184,"self":0.036035199999999996,"total":0.0580578,"children":{"CollectObservations":{"count":1584,"self":0.012012499999999999,"total":0.012012499999999999,"children":null},"WriteActionMask":{"count":1584,"self":0,"total":0,"children":null},"RequestDecision":{"count":1584,"self":0.0070074,"total":0.0100101,"children":{"RayPerceptionSensor.Perceive":{"count":3168,"self":0.0030027,"total":0.0030027,"children":null}}}}},"DecideAction":{"count":1184,"self":0.2096903,"total":0.2096903,"children":null},"AgentAct":{"count":1184,"self":1.3927368999999998,"total":1.3927368999999998,"children":null}},"gauges":{},"metadata":{"timer_format_version":"0.1.0","start_time_seconds":"1685615008","unity_version":"2022.1.7f1","command_line_arguments":"C:\\Program Files\\Unity\\Hub\\Editor\\2022.1.7f1\\Editor\\Unity.exe -projectpath E:\\UniWork\\CT7121\\CT7121-Machine-Learning -useHub -hubIPC -cloudEnvironment production -licensingIpc LicenseClient-geomo -hubSessionId 09c46214-e718-4c6a-a059-525a894cac3c -accessToken kUBaeSYr0sN7M0kCr0_7xSZTwLLR2PJKzlrK0SgqIYE005f","communication_protocol_version":"1.5.0","com.unity.ml-agents_version":"2.0.1","scene_name":"RaceTrack","end_time_seconds":"1685615196"}}