{"count":1,"self":844.3103744,"total":3443.2366425,"children":{"InitializeActuators":{"count":12,"self":0.0009975,"total":0.0009975,"children":null},"InitializeSensors":{"count":12,"self":0.0010004999999999999,"total":0.0030027,"children":{"CreateObservableSensors":{"count":12,"self":0.0020022,"total":0.0020022,"children":null}}},"AgentSendState":{"count":2003917,"self":10.9319344,"total":55.4459352,"children":{"CollectObservations":{"count":4809408,"self":9.1942392,"total":9.1942392,"children":null},"WriteActionMask":{"count":4809408,"self":1.5480517999999999,"total":1.5480517999999999,"children":null},"RequestDecision":{"count":4809408,"self":6.4316727999999994,"total":33.771709799999996,"children":{"AgentInfo.ToProto":{"count":4809408,"self":6.147748,"total":27.340036899999998,"children":{"GenerateSensorData":{"count":4809408,"self":21.192287999999998,"total":21.1922888,"children":null}}}}}}},"DecideAction":{"count":2003917,"self":2444.6859264,"total":2444.6859869,"children":null},"AgentAct":{"count":2003917,"self":98.7627072,"total":98.7903597,"children":{"AgentInfo.ToProto":{"count":4800,"self":0.0059924,"total":0.0276513,"children":{"GenerateSensorData":{"count":4800,"self":0.0216589,"total":0.0216589,"children":null}}}}}},"gauges":{"Car.CumulativeReward":{"count":4800,"max":50.0583458,"min":-201.154449,"runningAverage":-94.62448,"value":37.87805,"weightedAverage":38.5712357}},"metadata":{"timer_format_version":"0.1.0","start_time_seconds":"1684851733","unity_version":"2022.1.7f1","command_line_arguments":"C:\\Program Files\\Unity\\Hub\\Editor\\2022.1.7f1\\Editor\\Unity.exe -projectpath C:\\Users\\s1802463\\Documents\\CT7121\\CT7121-Machine-Learning -useHub -hubIPC -cloudEnvironment production -licensingIpc LicenseClient-s1802463 -hubSessionId e437c300-f946-11ed-8eab-3d2ede0a7a74 -accessToken RLasYzSmXWVq4HHqQ2gkY6dAqeo6D-kX_DkgManzy48005f","communication_protocol_version":"1.5.0","com.unity.ml-agents_version":"2.0.1","scene_name":"RaceTrack","end_time_seconds":"1684855176"}}