{"count":1,"self":2.3546169999999997,"total":10.009444199999999,"children":{"InitializeActuators":{"count":8,"self":0.00097679999999999989,"total":0.00097679999999999989,"children":null},"InitializeSensors":{"count":8,"self":0.0009767,"total":0.0009767,"children":null},"AgentSendState":{"count":6467,"self":0.0234594,"total":1.5920754,"children":{"CollectObservations":{"count":10352,"self":0.014175799999999999,"total":0.014175799999999999,"children":null},"WriteActionMask":{"count":10352,"self":0.0058601999999999994,"total":0.0058601999999999994,"children":null},"RequestDecision":{"count":10352,"self":0.029805199999999997,"total":1.5485799999999998,"children":{"AgentInfo.ToProto":{"count":10352,"self":0.018074,"total":1.5187747999999999,"children":{"GenerateSensorData":{"count":10352,"self":1.5007008,"total":1.5007008,"children":null}}}}}}},"DecideAction":{"count":6467,"self":5.983172,"total":5.9831718999999994,"children":null},"AgentAct":{"count":6467,"self":0.075673499999999991,"total":0.0766497,"children":{"AgentInfo.ToProto":{"count":8,"self":0,"total":0.0009762,"children":{"GenerateSensorData":{"count":8,"self":0.0009762,"total":0.0009762,"children":null}}}}}},"gauges":{"Car.CumulativeReward":{"count":8,"max":3.349998,"min":0.05,"runningAverage":1.13749945,"value":2.199999,"weightedAverage":1.26057684}},"metadata":{"timer_format_version":"0.1.0","start_time_seconds":"1683664928","unity_version":"2022.1.7f1","command_line_arguments":"C:\\Program Files\\Unity\\Hub\\Editor\\2022.1.7f1\\Editor\\Unity.exe -projectpath E:\\UniWork\\CT7121\\CT7121-Machine-Learning -useHub -hubIPC -cloudEnvironment production -licensingIpc LicenseClient-geomo -hubSessionId 3daeb024-0d20-41ff-8838-8f060ba682c9 -accessToken mHUm6mFad7lw1u1VJYmad9SRp4hNrU5fdZN02DBOLIY005f","communication_protocol_version":"1.5.0","com.unity.ml-agents_version":"2.0.1","scene_name":"RaceTrack","end_time_seconds":"1683664938"}}