{"count":1,"self":585.1636224,"total":1591.0751414,"children":{"InitializeActuators":{"count":12,"self":0.0019554999999999998,"total":0.0019554999999999998,"children":null},"InitializeSensors":{"count":12,"self":0.0019979,"total":0.0059998,"children":{"CreateObservableSensors":{"count":12,"self":0.0040019,"total":0.0040019,"children":null}}},"AgentSendState":{"count":1187100,"self":31.1914816,"total":59.971727599999994,"children":{"CollectObservations":{"count":1582800,"self":7.7482647999999994,"total":7.7482647,"children":null},"WriteActionMask":{"count":1582800,"self":0.6201959,"total":0.6201959,"children":null},"RequestDecision":{"count":1582800,"self":2.5691943999999998,"total":20.4117845,"children":{"AgentInfo.ToProto":{"count":1582800,"self":2.2368574,"total":17.842589999999998,"children":{"GenerateSensorData":{"count":1582800,"self":13.805736,"total":15.6057326,"children":{"RayPerceptionSensor.Perceive":{"count":3165600,"self":1.7999969999999998,"total":1.7999969999999998,"children":null}}}}}}}}},"DecideAction":{"count":1187100,"self":924.2323968,"total":924.23239459999991,"children":null},"AgentAct":{"count":1187100,"self":20.8193728,"total":20.8563634,"children":{"AgentInfo.ToProto":{"count":2844,"self":0.002,"total":0.0369904,"children":{"GenerateSensorData":{"count":2844,"self":0.0309919,"total":0.0349904,"children":{"RayPerceptionSensor.Perceive":{"count":5688,"self":0.0039984999999999995,"total":0.0039984999999999995,"children":null}}}}}}},"CreateObservableSensors":{"count":7077,"self":0.8420666,"total":0.8420666,"children":null}},"gauges":{"Car.CumulativeReward":{"count":2844,"max":145.640564,"min":-12.0011063,"runningAverage":107.775719,"value":134.342056,"weightedAverage":134.492188}},"metadata":{"timer_format_version":"0.1.0","start_time_seconds":"1685030807","unity_version":"2022.1.7f1","command_line_arguments":"C:\\Program Files\\Unity\\Hub\\Editor\\2022.1.7f1\\Editor\\Unity.exe -projectpath C:\\Users\\s1802463\\Documents\\CT7121\\CT7121-Machine-Learning -useHub -hubIPC -cloudEnvironment production -licensingIpc LicenseClient-s1802463 -hubSessionId ba50fa30-fae4-11ed-b2b0-9f5ff90ccfee -accessToken bEl49G7dN1UFRZmCEmLRfUIHWt2GCw4cr4ObvCJvu4s005f","communication_protocol_version":"1.5.0","com.unity.ml-agents_version":"2.0.1","scene_name":"RaceTrack","end_time_seconds":"1685032398"}}