{"count":1,"self":290.5793792,"total":1466.5940865999999,"children":{"InitializeActuators":{"count":12,"self":0.0010061,"total":0.0010061,"children":null},"InitializeSensors":{"count":12,"self":0.0029982999999999998,"total":0.0029982999999999998,"children":null},"AgentSendState":{"count":972100,"self":5.1953552,"total":29.7994187,"children":{"CollectObservations":{"count":2333040,"self":4.7997743999999996,"total":4.7997742,"children":null},"WriteActionMask":{"count":2333040,"self":0.8522808,"total":0.8522808,"children":null},"RequestDecision":{"count":2333040,"self":3.1829715999999997,"total":18.9520087,"children":{"AgentInfo.ToProto":{"count":2333040,"self":3.1525977999999997,"total":15.769037099999998,"children":{"GenerateSensorData":{"count":2333040,"self":12.6164392,"total":12.6164393,"children":null}}}}}}},"DecideAction":{"count":972100,"self":1123.0696447999999,"total":1123.0696653999998,"children":null},"AgentAct":{"count":972100,"self":23.1396096,"total":23.1416072,"children":{"AgentInfo.ToProto":{"count":1656,"self":0,"total":0.0019974,"children":{"GenerateSensorData":{"count":1656,"self":0.0019974,"total":0.0019974,"children":null}}}}}},"gauges":{"Car.CumulativeReward":{"count":1656,"max":6.278474,"min":-64.57662,"runningAverage":1.15946937,"value":1.01130235,"weightedAverage":3.32976675}},"metadata":{"timer_format_version":"0.1.0","start_time_seconds":"1683819345","unity_version":"2022.1.7f1","command_line_arguments":"C:\\Program Files\\Unity\\Hub\\Editor\\2022.1.7f1\\Editor\\Unity.exe -projectpath C:\\Users\\s1802463\\Documents\\CT7121\\CT7121-Machine-Learning -useHub -hubIPC -cloudEnvironment production -licensingIpc LicenseClient-s1802463 -hubSessionId d2ebda40-efd8-11ed-b80d-6f45690a0913 -accessToken ZZFoPUb4w3eUHHWUFr7MXouVa0HT2G5oYf2wV2fkTwI005f","communication_protocol_version":"1.5.0","com.unity.ml-agents_version":"2.0.1","scene_name":"RaceTrack","end_time_seconds":"1683820811"}}