{
    "name": "root",
    "metadata": {
        "timer_format_version": "0.1.0",
        "start_time_seconds": "1681839603",
        "python_version": "3.8.0 (tags/v3.8.0:fa919fd, Oct 14 2019, 19:37:50) [MSC v.1916 64 bit (AMD64)]",
        "command_line_arguments": "E:\\UniWork\\CT7121\\CT7121-Machine-Learning\\venv\\Scripts\\mlagents-learn --run-id=Test2",
        "mlagents_version": "0.29.0",
        "mlagents_envs_version": "0.29.0",
        "communication_protocol_version": "1.5.0",
        "pytorch_version": "2.0.0+cu118",
        "numpy_version": "1.21.2",
        "end_time_seconds": "1681839686"
    },
    "total": 83.1693561,
    "count": 1,
    "self": 0.00677449999999169,
    "children": {
        "run_training.setup": {
            "total": 0.08605470000000004,
            "count": 1,
            "self": 0.08605470000000004
        },
        "TrainerController.start_learning": {
            "total": 83.0765269,
            "count": 1,
            "self": 0.01729020000001924,
            "children": {
                "TrainerController._reset_env": {
                    "total": 11.167406299999998,
                    "count": 1,
                    "self": 11.167406299999998
                },
                "TrainerController.advance": {
                    "total": 71.80512339999999,
                    "count": 874,
                    "self": 0.014058699999992541,
                    "children": {
                        "env_step": {
                            "total": 71.70459870000002,
                            "count": 874,
                            "self": 68.52927750000005,
                            "children": {
                                "SubprocessEnvManager._take_step": {
                                    "total": 3.1641171999999713,
                                    "count": 874,
                                    "self": 0.04996819999997726,
                                    "children": {
                                        "TorchPolicy.evaluate": {
                                            "total": 3.114148999999994,
                                            "count": 874,
                                            "self": 0.9812008999999229,
                                            "children": {
                                                "TorchPolicy.sample_actions": {
                                                    "total": 2.132948100000071,
                                                    "count": 874,
                                                    "self": 2.132948100000071
                                                }
                                            }
                                        }
                                    }
                                },
                                "workers": {
                                    "total": 0.011203999999999326,
                                    "count": 873,
                                    "self": 0.0,
                                    "children": {
                                        "worker_root": {
                                            "total": 10.381862399999992,
                                            "count": 873,
                                            "is_parallel": true,
                                            "self": 5.532243000000047,
                                            "children": {
                                                "steps_from_proto": {
                                                    "total": 0.00037990000000043267,
                                                    "count": 1,
                                                    "is_parallel": true,
                                                    "self": 0.00022050000000106706,
                                                    "children": {
                                                        "_process_rank_one_or_two_observation": {
                                                            "total": 0.0001593999999993656,
                                                            "count": 2,
                                                            "is_parallel": true,
                                                            "self": 0.0001593999999993656
                                                        }
                                                    }
                                                },
                                                "UnityEnvironment.step": {
                                                    "total": 4.849239499999944,
                                                    "count": 873,
                                                    "is_parallel": true,
                                                    "self": 0.06351619999991343,
                                                    "children": {
                                                        "UnityEnvironment._generate_step_input": {
                                                            "total": 0.062344200000008954,
                                                            "count": 873,
                                                            "is_parallel": true,
                                                            "self": 0.062344200000008954
                                                        },
                                                        "communicator.exchange": {
                                                            "total": 4.484419800000051,
                                                            "count": 873,
                                                            "is_parallel": true,
                                                            "self": 4.484419800000051
                                                        },
                                                        "steps_from_proto": {
                                                            "total": 0.238959299999971,
                                                            "count": 873,
                                                            "is_parallel": true,
                                                            "self": 0.15243889999998927,
                                                            "children": {
                                                                "_process_rank_one_or_two_observation": {
                                                                    "total": 0.08652039999998173,
                                                                    "count": 1746,
                                                                    "is_parallel": true,
                                                                    "self": 0.08652039999998173
                                                                }
                                                            }
                                                        }
                                                    }
                                                }
                                            }
                                        }
                                    }
                                }
                            }
                        },
                        "trainer_advance": {
                            "total": 0.08646599999997662,
                            "count": 873,
                            "self": 0.021934299999948337,
                            "children": {
                                "process_trajectory": {
                                    "total": 0.06453170000002828,
                                    "count": 873,
                                    "self": 0.06453170000002828
                                }
                            }
                        }
                    }
                },