{
    "name": "root",
    "metadata": {
        "timer_format_version": "0.1.0",
        "start_time_seconds": "1681840440",
        "python_version": "3.8.0 (tags/v3.8.0:fa919fd, Oct 14 2019, 19:37:50) [MSC v.1916 64 bit (AMD64)]",
        "command_line_arguments": "E:\\UniWork\\CT7121\\CT7121-Machine-Learning\\venv\\Scripts\\mlagents-learn --force",
        "mlagents_version": "0.29.0",
        "mlagents_envs_version": "0.29.0",
        "communication_protocol_version": "1.5.0",
        "pytorch_version": "2.0.0+cu118",
        "numpy_version": "1.21.2",
        "end_time_seconds": "1681840533"
    },
    "total": 93.42586,
    "count": 1,
    "self": 0.007000300000001403,
    "children": {
        "run_training.setup": {
            "total": 0.06314329999999968,
            "count": 1,
            "self": 0.06314329999999968
        },
        "TrainerController.start_learning": {
            "total": 93.3557164,
            "count": 1,
            "self": 0.041368499999919095,
            "children": {
                "TrainerController._reset_env": {
                    "total": 10.831095300000001,
                    "count": 1,
                    "self": 10.831095300000001
                },
                "TrainerController.advance": {
                    "total": 82.39883410000007,
                    "count": 2177,
                    "self": 0.033348199999835515,
                    "children": {
                        "env_step": {
                            "total": 82.15375150000011,
                            "count": 2177,
                            "self": 75.32978099999998,
                            "children": {
                                "SubprocessEnvManager._take_step": {
                                    "total": 6.796021300000149,
                                    "count": 2177,
                                    "self": 0.12139950000007182,
                                    "children": {
                                        "TorchPolicy.evaluate": {
                                            "total": 6.674621800000077,
                                            "count": 2177,
                                            "self": 2.4244027000000425,
                                            "children": {
                                                "TorchPolicy.sample_actions": {
                                                    "total": 4.2502191000000344,
                                                    "count": 2177,
                                                    "self": 4.2502191000000344
                                                }
                                            }
                                        }
                                    }
                                },
                                "workers": {
                                    "total": 0.02794919999997525,
                                    "count": 2176,
                                    "self": 0.0,
                                    "children": {
                                        "worker_root": {
                                            "total": 20.95398199999993,
                                            "count": 2176,
                                            "is_parallel": true,
                                            "self": 10.632738999999944,
                                            "children": {
                                                "steps_from_proto": {
                                                    "total": 0.0004103999999998109,
                                                    "count": 1,
                                                    "is_parallel": true,
                                                    "self": 0.0002250000000003638,
                                                    "children": {
                                                        "_process_rank_one_or_two_observation": {
                                                            "total": 0.00018539999999944712,
                                                            "count": 2,
                                                            "is_parallel": true,
                                                            "self": 0.00018539999999944712
                                                        }
                                                    }
                                                },
                                                "UnityEnvironment.step": {
                                                    "total": 10.320832599999985,
                                                    "count": 2176,
                                                    "is_parallel": true,
                                                    "self": 0.16051700000010527,
                                                    "children": {
                                                        "UnityEnvironment._generate_step_input": {
                                                            "total": 0.15289939999987823,
                                                            "count": 2176,
                                                            "is_parallel": true,
                                                            "self": 0.15289939999987823
                                                        },
                                                        "communicator.exchange": {
                                                            "total": 9.406833799999959,
                                                            "count": 2176,
                                                            "is_parallel": true,
                                                            "self": 9.406833799999959
                                                        },
                                                        "steps_from_proto": {
                                                            "total": 0.600582400000043,
                                                            "count": 2176,
                                                            "is_parallel": true,
                                                            "self": 0.3772133999998939,
                                                            "children": {
                                                                "_process_rank_one_or_two_observation": {
                                                                    "total": 0.22336900000014914,
                                                                    "count": 4352,
                                                                    "is_parallel": true,
                                                                    "self": 0.22336900000014914
                                                                }
                                                            }
                                                        }
                                                    }
                                                }
                                            }
                                        }
                                    }
                                }
                            }
                        },
                        "trainer_advance": {
                            "total": 0.21173440000011823,
                            "count": 2176,
                            "self": 0.05324540000016498,
                            "children": {
                                "process_trajectory": {
                                    "total": 0.15848899999995325,
                                    "count": 2176,
                                    "self": 0.15848899999995325
                                }
                            }
                        }
                    }
                },